ts_utc,ts_pe,start_utc,start_pe,liga,market_id,event_id,event_name,selection,selection_id,selection_name,best_back_odds,best_back_amt,best_lay_odds,best_lay_amt,spread,sum_back_top3,sum_lay_top3,blpr,tv_runner,tv_market,overround,underround,locked
2026-01-21T06:18:07Z,2026-01-21T01:18:07-05:00,2026-02-03 14:30 UTC,,Copa Alemana,1.251486414,35042418,Bayern Munich v RB Leipzig,DRAW,58805,SEL_58805,1.09,4.09,1000.0,1.15,998.91,106.55,1.15,92.65217391304348,,0.0,275.1,0.3,False
2026-01-21T06:18:07Z,2026-01-21T01:18:07-05:00,2026-02-03 14:30 UTC,,Copa Alemana,1.251486414,35042418,Bayern Munich v RB Leipzig,HOME,5774350,SEL_5774350,1.09,4.09,1000.0,1.15,998.91,411.55,1.15,357.86956521739137,,0.0,275.1,0.3,False
2026-01-21T06:18:07Z,2026-01-21T01:18:07-05:00,2026-02-03 14:30 UTC,,Copa Alemana,1.251486414,35042418,Bayern Munich v RB Leipzig,AWAY,5340398,SEL_5340398,1.09,4.09,1000.0,1.15,998.91,411.55,1.15,357.86956521739137,,0.0,275.1,0.3,False
2026-01-21T06:18:07Z,2026-01-21T01:18:07-05:00,2026-02-03 19:45 UTC,,Copa Alemana,1.251486546,35042417,Hertha Berlin v Freiburg,DRAW,58805,SEL_58805,1.09,4.09,1000.0,1.15,998.91,106.55,1.15,92.65217391304348,,0.0,275.1,0.3,False
2026-01-21T06:18:07Z,2026-01-21T01:18:07-05:00,2026-02-03 19:45 UTC,,Copa Alemana,1.251486546,35042417,Hertha Berlin v Freiburg,AWAY,44520,SEL_44520,1.09,4.09,1000.0,1.15,998.91,411.55,1.15,357.86956521739137,,0.0,275.1,0.3,False
2026-01-21T06:18:07Z,2026-01-21T01:18:07-05:00,2026-02-03 19:45 UTC,,Copa Alemana,1.251486546,35042417,Hertha Berlin v Freiburg,HOME,44518,SEL_44518,1.09,4.09,1000.0,1.15,998.91,411.55,1.15,357.86956521739137,,0.0,275.1,0.3,False
2026-01-21T06:18:07Z,2026-01-21T01:18:07-05:00,2026-02-03 19:45 UTC,,Copa Alemana,1.251486197,35042420,Leverkusen v St Pauli,AWAY,44526,SEL_44526,6.6,5.59,8.0,27.43,1.4000000000000004,45.88,39.11,1.1731015085655843,12.11,18.85,103.0,94.6,False
2026-01-21T06:18:07Z,2026-01-21T01:18:07-05:00,2026-02-03 19:45 UTC,,Copa Alemana,1.251486197,35042420,Leverkusen v St Pauli,DRAW,58805,SEL_58805,4.3,36.5,4.9,3.19,0.6000000000000005,91.69,10.469999999999999,8.757402101241643,3.92,18.85,103.0,94.6,False
2026-01-21T06:18:07Z,2026-01-21T01:18:07-05:00,2026-02-03 19:45 UTC,,Copa Alemana,1.251486197,35042420,Leverkusen v St Pauli,HOME,44787,SEL_44787,1.55,7.04,1.62,117.88,0.07000000000000006,107.75,213.70999999999998,0.504187918206916,,18.85,103.0,94.6,False
2026-01-21T06:18:07Z,2026-01-21T01:18:07-05:00,2026-02-04 19:45 UTC,,Copa Alemana,1.251486305,35042419,Holstein Kiel v Stuttgart,DRAW,58805,SEL_58805,4.5,9.05,5.0,3.19,0.5,144.74,11.21,12.911685994647636,0.34,1.82,102.7,94.9,False
2026-01-21T06:18:07Z,2026-01-21T01:18:07-05:00,2026-02-04 19:45 UTC,,Copa Alemana,1.251486305,35042419,Holstein Kiel v Stuttgart,HOME,247830,SEL_247830,6.4,2.35,7.8,28.47,1.3999999999999995,10.0,29.799999999999997,0.33557046979865773,0.24,1.82,102.7,94.9,False
2026-01-21T06:18:07Z,2026-01-21T01:18:07-05:00,2026-02-04 19:45 UTC,,Copa Alemana,1.251486305,35042419,Holstein Kiel v Stuttgart,AWAY,44519,SEL_44519,1.54,33.65,1.61,9.35,0.07000000000000006,139.33,48.23,2.8888658511300025,0.97,1.82,102.7,94.9,False
2026-01-21T06:21:42Z,2026-01-21T01:21:42-05:00,2026-02-03 19:45 UTC,,Copa Alemana,1.251486197,35042420,Leverkusen v St Pauli,AWAY,44526,SEL_44526,6.6,5.59,8.2,1.2,1.5999999999999996,24.700000000000003,7.77,3.1788931788931793,12.11,18.85,103.0,93.5,False
2026-01-21T06:21:42Z,2026-01-21T01:21:42-05:00,2026-02-03 19:45 UTC,,Copa Alemana,1.251486197,35042420,Leverkusen v St Pauli,DRAW,58805,SEL_58805,4.3,2.29,5.0,2.19,0.7000000000000002,10.6,12.87,0.8236208236208237,3.92,18.85,103.0,93.5,False
2026-01-21T06:21:42Z,2026-01-21T01:21:42-05:00,2026-02-03 19:45 UTC,,Copa Alemana,1.251486197,35042420,Leverkusen v St Pauli,HOME,44787,SEL_44787,1.55,7.04,1.63,6.04,0.07999999999999985,47.8,25.07,1.90666134822497,,18.85,103.0,93.5,False
2026-01-21T06:26:15Z,2026-01-21T01:26:15-05:00,2026-02-03 14:30 UTC,,Copa Alemana,1.251486414,35042418,Bayern Munich v RB Leipzig,DRAW,58805,SEL_58805,1.09,4.09,1000.0,1.15,998.91,106.55,1.15,92.65217391304348,,0.0,275.1,0.3,False
2026-01-21T06:26:15Z,2026-01-21T01:26:15-05:00,2026-02-03 14:30 UTC,,Copa Alemana,1.251486414,35042418,Bayern Munich v RB Leipzig,HOME,5774350,SEL_5774350,1.09,4.09,1000.0,1.15,998.91,411.55,1.15,357.86956521739137,,0.0,275.1,0.3,False
2026-01-21T06:26:15Z,2026-01-21T01:26:15-05:00,2026-02-03 14:30 UTC,,Copa Alemana,1.251486414,35042418,Bayern Munich v RB Leipzig,AWAY,5340398,SEL_5340398,1.09,4.09,1000.0,1.15,998.91,411.55,1.15,357.86956521739137,,0.0,275.1,0.3,False
2026-01-21T06:26:15Z,2026-01-21T01:26:15-05:00,2026-02-03 19:45 UTC,,Copa Alemana,1.251486546,35042417,Hertha Berlin v Freiburg,DRAW,58805,SEL_58805,1.09,4.09,1000.0,1.15,998.91,106.55,1.15,92.65217391304348,,0.0,275.1,0.3,False
2026-01-21T06:26:15Z,2026-01-21T01:26:15-05:00,2026-02-03 19:45 UTC,,Copa Alemana,1.251486546,35042417,Hertha Berlin v Freiburg,AWAY,44520,SEL_44520,1.09,4.09,1000.0,1.15,998.91,411.55,1.15,357.86956521739137,,0.0,275.1,0.3,False
2026-01-21T06:26:15Z,2026-01-21T01:26:15-05:00,2026-02-03 19:45 UTC,,Copa Alemana,1.251486546,35042417,Hertha Berlin v Freiburg,HOME,44518,SEL_44518,1.09,4.09,1000.0,1.15,998.91,411.55,1.15,357.86956521739137,,0.0,275.1,0.3,False
2026-01-21T06:26:15Z,2026-01-21T01:26:15-05:00,2026-02-03 19:45 UTC,,Copa Alemana,1.251486197,35042420,Leverkusen v St Pauli,AWAY,44526,SEL_44526,6.6,5.59,8.2,1.2,1.5999999999999996,24.700000000000003,7.77,3.1788931788931793,12.11,18.85,103.0,93.5,False
2026-01-21T06:26:15Z,2026-01-21T01:26:15-05:00,2026-02-03 19:45 UTC,,Copa Alemana,1.251486197,35042420,Leverkusen v St Pauli,DRAW,58805,SEL_58805,4.3,2.29,5.0,2.19,0.7000000000000002,10.6,12.87,0.8236208236208237,3.92,18.85,103.0,93.5,False
2026-01-21T06:26:15Z,2026-01-21T01:26:15-05:00,2026-02-03 19:45 UTC,,Copa Alemana,1.251486197,35042420,Leverkusen v St Pauli,HOME,44787,SEL_44787,1.55,7.04,1.63,6.04,0.07999999999999985,47.8,25.07,1.90666134822497,,18.85,103.0,93.5,False
2026-01-21T06:26:15Z,2026-01-21T01:26:15-05:00,2026-02-04 19:45 UTC,,Copa Alemana,1.251486305,35042419,Holstein Kiel v Stuttgart,DRAW,58805,SEL_58805,4.5,9.05,5.0,3.19,0.5,144.74,11.21,12.911685994647636,0.34,1.82,102.7,94.9,False
2026-01-21T06:26:15Z,2026-01-21T01:26:15-05:00,2026-02-04 19:45 UTC,,Copa Alemana,1.251486305,35042419,Holstein Kiel v Stuttgart,HOME,247830,SEL_247830,6.4,2.35,7.8,28.47,1.3999999999999995,10.0,29.799999999999997,0.33557046979865773,0.24,1.82,102.7,94.9,False
2026-01-21T06:26:15Z,2026-01-21T01:26:15-05:00,2026-02-04 19:45 UTC,,Copa Alemana,1.251486305,35042419,Holstein Kiel v Stuttgart,AWAY,44519,SEL_44519,1.54,33.65,1.61,9.35,0.07000000000000006,139.33,48.23,2.8888658511300025,0.97,1.82,102.7,94.9,False
2026-01-21T06:27:42Z,2026-01-21T01:27:42-05:00,2026-02-03 19:45 UTC,,Copa Alemana,1.251486197,35042420,Leverkusen v St Pauli,AWAY,44526,SEL_44526,6.8,14.44,8.0,29.23,1.2000000000000002,22.71,49.69,0.4570336083719059,12.11,18.85,101.5,95.8,False
2026-01-21T06:27:42Z,2026-01-21T01:27:42-05:00,2026-02-03 19:45 UTC,,Copa Alemana,1.251486197,35042420,Leverkusen v St Pauli,DRAW,58805,SEL_58805,4.4,3.19,4.8,4.41,0.39999999999999947,42.09,55.36,0.7602962427745665,3.92,18.85,101.5,95.8,False
2026-01-21T06:27:42Z,2026-01-21T01:27:42-05:00,2026-02-03 19:45 UTC,,Copa Alemana,1.251486197,35042420,Leverkusen v St Pauli,HOME,44787,SEL_44787,1.56,3.76,1.6,8.76,0.040000000000000036,43.62,201.21,0.216788429998509,,18.85,101.5,95.8,False
2026-01-21T06:30:42Z,2026-01-21T01:30:42-05:00,2026-02-03 19:45 UTC,,Copa Alemana,1.251486197,35042420,Leverkusen v St Pauli,AWAY,44526,SEL_44526,6.6,5.59,8.2,1.2,1.5999999999999996,24.700000000000003,7.77,3.1788931788931793,12.11,18.85,103.0,93.5,False
2026-01-21T06:30:42Z,2026-01-21T01:30:42-05:00,2026-02-03 19:45 UTC,,Copa Alemana,1.251486197,35042420,Leverkusen v St Pauli,DRAW,58805,SEL_58805,4.3,2.29,5.0,2.19,0.7000000000000002,10.6,12.87,0.8236208236208237,3.92,18.85,103.0,93.5,False
2026-01-21T06:30:42Z,2026-01-21T01:30:42-05:00,2026-02-03 19:45 UTC,,Copa Alemana,1.251486197,35042420,Leverkusen v St Pauli,HOME,44787,SEL_44787,1.55,7.04,1.63,6.04,0.07999999999999985,47.8,25.07,1.90666134822497,,18.85,103.0,93.5,False
2026-01-21T06:33:42Z,2026-01-21T01:33:42-05:00,2026-02-03 19:45 UTC,,Copa Alemana,1.251486197,35042420,Leverkusen v St Pauli,AWAY,44526,SEL_44526,6.8,14.44,8.0,29.23,1.2000000000000002,22.71,49.69,0.4570336083719059,12.11,18.85,101.5,95.8,False
2026-01-21T06:33:42Z,2026-01-21T01:33:42-05:00,2026-02-03 19:45 UTC,,Copa Alemana,1.251486197,35042420,Leverkusen v St Pauli,DRAW,58805,SEL_58805,4.4,3.19,4.8,4.41,0.39999999999999947,42.09,55.36,0.7602962427745665,3.92,18.85,101.5,95.8,False
2026-01-21T06:33:42Z,2026-01-21T01:33:42-05:00,2026-02-03 19:45 UTC,,Copa Alemana,1.251486197,35042420,Leverkusen v St Pauli,HOME,44787,SEL_44787,1.56,3.76,1.6,8.76,0.040000000000000036,43.62,201.21,0.216788429998509,,18.85,101.5,95.8,False
2026-01-21T06:36:42Z,2026-01-21T01:36:42-05:00,2026-02-03 19:45 UTC,,Copa Alemana,1.251486197,35042420,Leverkusen v St Pauli,AWAY,44526,SEL_44526,6.8,14.44,8.0,29.23,1.2000000000000002,22.46,49.74,0.4515480498592682,12.11,18.85,101.5,95.8,False
2026-01-21T06:36:42Z,2026-01-21T01:36:42-05:00,2026-02-03 19:45 UTC,,Copa Alemana,1.251486197,35042420,Leverkusen v St Pauli,DRAW,58805,SEL_58805,4.4,3.19,4.8,4.41,0.39999999999999947,42.09,55.36,0.7602962427745665,3.92,18.85,101.5,95.8,False
2026-01-21T06:36:42Z,2026-01-21T01:36:42-05:00,2026-02-03 19:45 UTC,,Copa Alemana,1.251486197,35042420,Leverkusen v St Pauli,HOME,44787,SEL_44787,1.56,3.76,1.6,8.76,0.040000000000000036,43.62,187.37,0.2328014089768906,,18.85,101.5,95.8,False
2026-01-21T06:39:42Z,2026-01-21T01:39:42-05:00,2026-02-03 19:45 UTC,,Copa Alemana,1.251486197,35042420,Leverkusen v St Pauli,AWAY,44526,SEL_44526,6.8,20.02,8.0,34.04,1.2000000000000002,42.94,40.04,1.0724275724275725,12.11,18.85,101.5,95.8,False
2026-01-21T06:39:42Z,2026-01-21T01:39:42-05:00,2026-02-03 19:45 UTC,,Copa Alemana,1.251486197,35042420,Leverkusen v St Pauli,DRAW,58805,SEL_58805,4.4,8.77,4.8,4.41,0.39999999999999947,75.43,50.959999999999994,1.4801805337519627,3.92,18.85,101.5,95.8,False
2026-01-21T06:39:42Z,2026-01-21T01:39:42-05:00,2026-02-03 19:45 UTC,,Copa Alemana,1.251486197,35042420,Leverkusen v St Pauli,HOME,44787,SEL_44787,1.56,3.76,1.6,107.51,0.040000000000000036,43.62,168.05,0.2595656054745611,,18.85,101.5,95.8,False
2026-01-21T06:54:42Z,2026-01-21T01:54:42-05:00,2026-02-03 19:45 UTC,,Copa Alemana,1.251486197,35042420,Leverkusen v St Pauli,AWAY,44526,SEL_44526,6.8,20.02,7.8,27.49,1.0,42.34,35.98,1.1767648693718735,12.11,18.85,101.5,96.1,False
2026-01-21T06:54:42Z,2026-01-21T01:54:42-05:00,2026-02-03 19:45 UTC,,Copa Alemana,1.251486197,35042420,Leverkusen v St Pauli,DRAW,58805,SEL_58805,4.4,8.77,4.8,25.77,0.39999999999999947,75.43,43.69,1.726482032501717,3.92,18.85,101.5,96.1,False
2026-01-21T06:54:42Z,2026-01-21T01:54:42-05:00,2026-02-03 19:45 UTC,,Copa Alemana,1.251486197,35042420,Leverkusen v St Pauli,HOME,44787,SEL_44787,1.56,3.76,1.6,107.51,0.040000000000000036,43.62,168.05,0.2595656054745611,,18.85,101.5,96.1,False
2026-01-21T07:06:43Z,2026-01-21T02:06:43-05:00,2026-02-03 19:45 UTC,,Copa Alemana,1.251486197,35042420,Leverkusen v St Pauli,AWAY,44526,SEL_44526,6.8,20.02,7.8,27.49,1.0,49.01,35.98,1.3621456364647027,12.12,18.86,101.5,96.5,False
2026-01-21T07:06:43Z,2026-01-21T02:06:43-05:00,2026-02-03 19:45 UTC,,Copa Alemana,1.251486197,35042420,Leverkusen v St Pauli,DRAW,58805,SEL_58805,4.4,8.77,4.8,25.77,0.39999999999999947,65.01,43.69,1.4879835202563518,3.92,18.86,101.5,96.5,False
2026-01-21T07:06:43Z,2026-01-21T02:06:43-05:00,2026-02-03 19:45 UTC,,Copa Alemana,1.251486197,35042420,Leverkusen v St Pauli,HOME,44787,SEL_44787,1.56,3.76,1.59,59.12,0.030000000000000027,43.629999999999995,149.06,0.29270092580169055,,18.86,101.5,96.5,False
2026-01-21T07:12:43Z,2026-01-21T02:12:43-05:00,2026-02-03 19:45 UTC,,Copa Alemana,1.251486197,35042420,Leverkusen v St Pauli,AWAY,44526,SEL_44526,6.8,20.02,7.8,27.49,1.0,24.21,35.98,0.6728738187882157,12.12,18.86,101.5,97.4,False
2026-01-21T07:12:43Z,2026-01-21T02:12:43-05:00,2026-02-03 19:45 UTC,,Copa Alemana,1.251486197,35042420,Leverkusen v St Pauli,DRAW,58805,SEL_58805,4.4,8.77,4.7,5.59,0.2999999999999998,67.16,33.58,2.0,3.92,18.86,101.5,97.4,False
2026-01-21T07:12:43Z,2026-01-21T02:12:43-05:00,2026-02-03 19:45 UTC,,Copa Alemana,1.251486197,35042420,Leverkusen v St Pauli,HOME,44787,SEL_44787,1.56,3.76,1.58,5.59,0.020000000000000018,43.629999999999995,88.84,0.4911076091850517,,18.86,101.5,97.4,False
2026-01-21T07:15:43Z,2026-01-21T02:15:43-05:00,2026-02-04 19:45 UTC,,Copa Alemana,1.251486305,35042419,Holstein Kiel v Stuttgart,DRAW,58805,SEL_58805,4.5,2.35,85.0,1.6,80.5,110.47,1.9100000000000001,57.837696335078526,0.34,1.82,105.4,64.5,False
2026-01-21T07:15:43Z,2026-01-21T02:15:43-05:00,2026-02-04 19:45 UTC,,Copa Alemana,1.251486305,35042419,Holstein Kiel v Stuttgart,HOME,247830,SEL_247830,6.4,2.35,85.0,1.38,78.6,211.8,1.69,125.32544378698226,0.24,1.82,105.4,64.5,False
2026-01-21T07:15:43Z,2026-01-21T02:15:43-05:00,2026-02-04 19:45 UTC,,Copa Alemana,1.251486305,35042419,Holstein Kiel v Stuttgart,AWAY,44519,SEL_44519,1.48,2.35,1.61,6.57,0.13000000000000012,211.8,6.8100000000000005,31.101321585903083,0.97,1.82,105.4,64.5,False
2026-01-21T07:15:44Z,2026-01-21T02:15:44-05:00,2026-02-03 19:45 UTC,,Copa Alemana,1.251486197,35042420,Leverkusen v St Pauli,AWAY,44526,SEL_44526,6.8,5.59,8.0,5.83,1.2000000000000002,32.2,9.68,3.326446280991736,12.12,18.86,101.9,97.5,False
2026-01-21T07:15:44Z,2026-01-21T02:15:44-05:00,2026-02-03 19:45 UTC,,Copa Alemana,1.251486197,35042420,Leverkusen v St Pauli,DRAW,58805,SEL_58805,4.4,5.59,4.6,3.19,0.1999999999999993,10.03,11.0,0.9118181818181817,3.92,18.86,101.9,97.5,False
2026-01-21T07:15:44Z,2026-01-21T02:15:44-05:00,2026-02-03 19:45 UTC,,Copa Alemana,1.251486197,35042420,Leverkusen v St Pauli,HOME,44787,SEL_44787,1.55,7.04,1.58,5.59,0.030000000000000027,45.46,27.04,1.6812130177514795,,18.86,101.9,97.5,False
2026-01-21T07:18:15Z,2026-01-21T02:18:15-05:00,2026-02-03 14:30 UTC,,Copa Alemana,1.251486414,35042418,Bayern Munich v RB Leipzig,DRAW,58805,SEL_58805,1.09,4.09,1000.0,1.15,998.91,106.55,1.15,92.65217391304348,,0.0,275.1,0.3,False
2026-01-21T07:18:15Z,2026-01-21T02:18:15-05:00,2026-02-03 14:30 UTC,,Copa Alemana,1.251486414,35042418,Bayern Munich v RB Leipzig,HOME,5774350,SEL_5774350,1.09,4.09,1000.0,1.15,998.91,411.55,1.15,357.86956521739137,,0.0,275.1,0.3,False
2026-01-21T07:18:15Z,2026-01-21T02:18:15-05:00,2026-02-03 14:30 UTC,,Copa Alemana,1.251486414,35042418,Bayern Munich v RB Leipzig,AWAY,5340398,SEL_5340398,1.09,4.09,1000.0,1.15,998.91,411.55,1.15,357.86956521739137,,0.0,275.1,0.3,False
2026-01-21T07:18:16Z,2026-01-21T02:18:16-05:00,2026-02-04 19:45 UTC,,Copa Alemana,1.251486305,35042419,Holstein Kiel v Stuttgart,DRAW,58805,SEL_58805,4.5,2.35,85.0,1.6,80.5,110.47,1.9100000000000001,57.837696335078526,0.34,1.82,105.4,64.5,False
2026-01-21T07:18:16Z,2026-01-21T02:18:16-05:00,2026-02-04 19:45 UTC,,Copa Alemana,1.251486305,35042419,Holstein Kiel v Stuttgart,HOME,247830,SEL_247830,6.4,2.35,85.0,1.38,78.6,211.8,1.69,125.32544378698226,0.24,1.82,105.4,64.5,False
2026-01-21T07:18:16Z,2026-01-21T02:18:16-05:00,2026-02-04 19:45 UTC,,Copa Alemana,1.251486305,35042419,Holstein Kiel v Stuttgart,AWAY,44519,SEL_44519,1.48,2.35,1.61,6.57,0.13000000000000012,211.8,6.8100000000000005,31.101321585903083,0.97,1.82,105.4,64.5,False
2026-01-21T07:18:16Z,2026-01-21T02:18:16-05:00,2026-02-03 19:45 UTC,,Copa Alemana,1.251486546,35042417,Hertha Berlin v Freiburg,DRAW,58805,SEL_58805,1.09,4.09,1000.0,1.15,998.91,106.55,1.15,92.65217391304348,,0.0,275.1,0.3,False
2026-01-21T07:18:16Z,2026-01-21T02:18:16-05:00,2026-02-03 19:45 UTC,,Copa Alemana,1.251486546,35042417,Hertha Berlin v Freiburg,AWAY,44520,SEL_44520,1.09,4.09,1000.0,1.15,998.91,411.55,1.15,357.86956521739137,,0.0,275.1,0.3,False
2026-01-21T07:18:16Z,2026-01-21T02:18:16-05:00,2026-02-03 19:45 UTC,,Copa Alemana,1.251486546,35042417,Hertha Berlin v Freiburg,HOME,44518,SEL_44518,1.09,4.09,1000.0,1.15,998.91,411.55,1.15,357.86956521739137,,0.0,275.1,0.3,False
2026-01-21T07:18:16Z,2026-01-21T02:18:16-05:00,2026-02-03 19:45 UTC,,Copa Alemana,1.251486197,35042420,Leverkusen v St Pauli,AWAY,44526,SEL_44526,6.8,5.59,8.0,5.83,1.2000000000000002,32.2,9.68,3.326446280991736,12.12,18.86,101.9,97.5,False
2026-01-21T07:18:16Z,2026-01-21T02:18:16-05:00,2026-02-03 19:45 UTC,,Copa Alemana,1.251486197,35042420,Leverkusen v St Pauli,DRAW,58805,SEL_58805,4.4,5.59,4.6,3.19,0.1999999999999993,10.03,11.0,0.9118181818181817,3.92,18.86,101.9,97.5,False
2026-01-21T07:18:16Z,2026-01-21T02:18:16-05:00,2026-02-03 19:45 UTC,,Copa Alemana,1.251486197,35042420,Leverkusen v St Pauli,HOME,44787,SEL_44787,1.55,7.04,1.58,5.59,0.030000000000000027,45.46,27.04,1.6812130177514795,,18.86,101.9,97.5,False
2026-01-21T07:21:15Z,2026-01-21T02:21:15-05:00,2026-02-04 19:45 UTC,,Copa Alemana,1.251486305,35042419,Holstein Kiel v Stuttgart,DRAW,58805,SEL_58805,4.5,9.05,5.0,3.19,0.5,144.62,11.21,12.900981266726136,0.34,1.82,102.7,94.9,False
2026-01-21T07:21:15Z,2026-01-21T02:21:15-05:00,2026-02-04 19:45 UTC,,Copa Alemana,1.251486305,35042419,Holstein Kiel v Stuttgart,HOME,247830,SEL_247830,6.4,2.35,7.8,28.47,1.3999999999999995,10.59,29.799999999999997,0.35536912751677857,0.24,1.82,102.7,94.9,False
2026-01-21T07:21:15Z,2026-01-21T02:21:15-05:00,2026-02-04 19:45 UTC,,Copa Alemana,1.251486305,35042419,Holstein Kiel v Stuttgart,AWAY,44519,SEL_44519,1.54,33.65,1.61,9.35,0.07000000000000006,139.33,48.42,2.8775299463031807,0.97,1.82,102.7,94.9,False
2026-01-21T07:21:15Z,2026-01-21T02:21:15-05:00,2026-02-03 19:45 UTC,,Copa Alemana,1.251486197,35042420,Leverkusen v St Pauli,AWAY,44526,SEL_44526,6.8,20.38,7.8,20.79,1.0,38.12,32.78,1.1629042098840756,12.12,18.86,101.5,97.4,False
2026-01-21T07:21:15Z,2026-01-21T02:21:15-05:00,2026-02-03 19:45 UTC,,Copa Alemana,1.251486197,35042420,Leverkusen v St Pauli,DRAW,58805,SEL_58805,4.4,28.29,4.7,5.59,0.2999999999999998,56.94,37.43,1.5212396473417045,3.92,18.86,101.5,97.4,False
2026-01-21T07:21:15Z,2026-01-21T02:21:15-05:00,2026-02-03 19:45 UTC,,Copa Alemana,1.251486197,35042420,Leverkusen v St Pauli,HOME,44787,SEL_44787,1.56,3.76,1.58,68.42,0.020000000000000018,43.629999999999995,152.3,0.2864740643466841,,18.86,101.5,97.4,False
2026-01-21T07:24:16Z,2026-01-21T02:24:16-05:00,2026-02-03 19:45 UTC,,Copa Alemana,1.251486197,35042420,Leverkusen v St Pauli,AWAY,44526,SEL_44526,6.8,20.38,7.6,1.35,0.7999999999999998,38.12,26.630000000000003,1.4314682688696956,12.12,18.86,101.4,97.8,False
2026-01-21T07:24:16Z,2026-01-21T02:24:16-05:00,2026-02-03 19:45 UTC,,Copa Alemana,1.251486197,35042420,Leverkusen v St Pauli,DRAW,58805,SEL_58805,4.5,2.29,4.7,5.59,0.20000000000000018,34.24,47.519999999999996,0.7205387205387206,3.92,18.86,101.4,97.8,False
2026-01-21T07:24:16Z,2026-01-21T02:24:16-05:00,2026-02-03 19:45 UTC,,Copa Alemana,1.251486197,35042420,Leverkusen v St Pauli,HOME,44787,SEL_44787,1.55,10.81,1.58,68.42,0.030000000000000027,49.23,90.27,0.5453639082751744,,18.86,101.4,97.8,False
2026-01-21T07:26:29Z,2026-01-21T02:26:29-05:00,2026-02-03 14:30 UTC,,Copa Alemana,1.251486414,35042418,Bayern Munich v RB Leipzig,DRAW,58805,SEL_58805,1.09,4.13,1000.0,1.15,998.91,107.22,1.15,93.23478260869565,,0.0,275.1,0.3,False
2026-01-21T07:26:29Z,2026-01-21T02:26:29-05:00,2026-02-03 14:30 UTC,,Copa Alemana,1.251486414,35042418,Bayern Munich v RB Leipzig,HOME,5774350,SEL_5774350,1.09,4.13,1000.0,1.15,998.91,414.57,1.15,360.4956521739131,,0.0,275.1,0.3,False
2026-01-21T07:26:29Z,2026-01-21T02:26:29-05:00,2026-02-03 14:30 UTC,,Copa Alemana,1.251486414,35042418,Bayern Munich v RB Leipzig,AWAY,5340398,SEL_5340398,1.09,4.13,1000.0,1.15,998.91,414.57,1.15,360.4956521739131,,0.0,275.1,0.3,False
2026-01-21T07:26:30Z,2026-01-21T02:26:30-05:00,2026-02-04 19:45 UTC,,Copa Alemana,1.251486305,35042419,Holstein Kiel v Stuttgart,DRAW,58805,SEL_58805,4.5,9.05,5.0,3.19,0.5,144.62,11.21,12.900981266726136,0.34,1.82,102.7,94.9,False
2026-01-21T07:26:30Z,2026-01-21T02:26:30-05:00,2026-02-04 19:45 UTC,,Copa Alemana,1.251486305,35042419,Holstein Kiel v Stuttgart,HOME,247830,SEL_247830,6.4,2.35,7.8,28.47,1.3999999999999995,10.59,29.799999999999997,0.35536912751677857,0.24,1.82,102.7,94.9,False
2026-01-21T07:26:30Z,2026-01-21T02:26:30-05:00,2026-02-04 19:45 UTC,,Copa Alemana,1.251486305,35042419,Holstein Kiel v Stuttgart,AWAY,44519,SEL_44519,1.54,33.65,1.61,9.35,0.07000000000000006,139.33,48.42,2.8775299463031807,0.97,1.82,102.7,94.9,False
2026-01-21T07:26:32Z,2026-01-21T02:26:32-05:00,2026-02-03 19:45 UTC,,Copa Alemana,1.251486197,35042420,Leverkusen v St Pauli,AWAY,44526,SEL_44526,6.8,20.38,7.6,1.35,0.7999999999999998,38.12,26.630000000000003,1.4314682688696956,12.12,18.86,101.4,97.8,False
2026-01-21T07:26:32Z,2026-01-21T02:26:32-05:00,2026-02-03 19:45 UTC,,Copa Alemana,1.251486197,35042420,Leverkusen v St Pauli,DRAW,58805,SEL_58805,4.5,2.29,4.7,5.59,0.20000000000000018,34.24,47.519999999999996,0.7205387205387206,3.92,18.86,101.4,97.8,False
2026-01-21T07:26:32Z,2026-01-21T02:26:32-05:00,2026-02-03 19:45 UTC,,Copa Alemana,1.251486197,35042420,Leverkusen v St Pauli,HOME,44787,SEL_44787,1.55,10.81,1.58,68.42,0.030000000000000027,49.23,90.27,0.5453639082751744,,18.86,101.4,97.8,False
2026-01-21T07:26:32Z,2026-01-21T02:26:32-05:00,2026-02-03 19:45 UTC,,Copa Alemana,1.251486546,35042417,Hertha Berlin v Freiburg,DRAW,58805,SEL_58805,1.09,4.13,1000.0,1.15,998.91,107.22,1.15,93.23478260869565,,0.0,275.1,0.3,False
2026-01-21T07:26:32Z,2026-01-21T02:26:32-05:00,2026-02-03 19:45 UTC,,Copa Alemana,1.251486546,35042417,Hertha Berlin v Freiburg,AWAY,44520,SEL_44520,1.09,4.13,1000.0,1.15,998.91,414.57,1.15,360.4956521739131,,0.0,275.1,0.3,False
2026-01-21T07:26:32Z,2026-01-21T02:26:32-05:00,2026-02-03 19:45 UTC,,Copa Alemana,1.251486546,35042417,Hertha Berlin v Freiburg,HOME,44518,SEL_44518,1.09,4.13,1000.0,1.15,998.91,414.57,1.15,360.4956521739131,,0.0,275.1,0.3,False
2026-01-21T07:29:28Z,2026-01-21T02:29:28-05:00,2026-02-03 19:45 UTC,,Copa Alemana,1.251486197,35042420,Leverkusen v St Pauli,AWAY,44526,SEL_44526,6.8,20.38,7.6,1.35,0.7999999999999998,38.12,26.630000000000003,1.4314682688696956,12.12,18.86,101.4,97.8,False
2026-01-21T07:29:28Z,2026-01-21T02:29:28-05:00,2026-02-03 19:45 UTC,,Copa Alemana,1.251486197,35042420,Leverkusen v St Pauli,DRAW,58805,SEL_58805,4.5,2.29,4.7,5.59,0.20000000000000018,39.84,47.519999999999996,0.8383838383838386,3.92,18.86,101.4,97.8,False
2026-01-21T07:29:28Z,2026-01-21T02:29:28-05:00,2026-02-03 19:45 UTC,,Copa Alemana,1.251486197,35042420,Leverkusen v St Pauli,HOME,44787,SEL_44787,1.55,10.81,1.58,68.42,0.030000000000000027,49.23,90.27,0.5453639082751744,,18.86,101.4,97.8,False
2026-01-21T07:44:28Z,2026-01-21T02:44:28-05:00,2026-02-03 19:45 UTC,,Copa Alemana,1.251486197,35042420,Leverkusen v St Pauli,AWAY,44526,SEL_44526,6.8,20.38,7.6,1.35,0.7999999999999998,38.19,26.630000000000003,1.4340968832144196,12.12,18.86,101.4,97.3,False
2026-01-21T07:44:28Z,2026-01-21T02:44:28-05:00,2026-02-03 19:45 UTC,,Copa Alemana,1.251486197,35042420,Leverkusen v St Pauli,DRAW,58805,SEL_58805,4.5,2.29,4.8,8.77,0.2999999999999998,39.84,50.7,0.7857988165680474,3.92,18.86,101.4,97.3,False
2026-01-21T07:44:28Z,2026-01-21T02:44:28-05:00,2026-02-03 19:45 UTC,,Copa Alemana,1.251486197,35042420,Leverkusen v St Pauli,HOME,44787,SEL_44787,1.55,10.81,1.58,68.42,0.030000000000000027,49.23,90.27,0.5453639082751744,,18.86,101.4,97.3,False
2026-01-21T07:53:28Z,2026-01-21T02:53:28-05:00,2026-02-03 19:45 UTC,,Copa Alemana,1.251486197,35042420,Leverkusen v St Pauli,AWAY,44526,SEL_44526,6.8,20.38,7.6,1.35,0.7999999999999998,37.85,26.630000000000003,1.4213293278257604,12.12,18.86,101.4,97.3,False
2026-01-21T07:53:28Z,2026-01-21T02:53:28-05:00,2026-02-03 19:45 UTC,,Copa Alemana,1.251486197,35042420,Leverkusen v St Pauli,DRAW,58805,SEL_58805,4.5,2.29,4.8,30.25,0.2999999999999998,39.84,43.78,0.9100045682960256,3.92,18.86,101.4,97.3,False
2026-01-21T07:53:28Z,2026-01-21T02:53:28-05:00,2026-02-03 19:45 UTC,,Copa Alemana,1.251486197,35042420,Leverkusen v St Pauli,HOME,44787,SEL_44787,1.55,10.81,1.58,5.59,0.030000000000000027,49.23,88.0,0.5594318181818182,,18.86,101.4,97.3,False
2026-01-21T08:14:29Z,2026-01-21T03:14:29-05:00,2026-02-03 19:45 UTC,,Copa Alemana,1.251486197,35042420,Leverkusen v St Pauli,AWAY,44526,SEL_44526,6.8,20.38,7.6,1.35,0.7999999999999998,37.85,26.630000000000003,1.4213293278257604,12.11,18.85,101.4,97.3,False
2026-01-21T08:14:29Z,2026-01-21T03:14:29-05:00,2026-02-03 19:45 UTC,,Copa Alemana,1.251486197,35042420,Leverkusen v St Pauli,DRAW,58805,SEL_58805,4.5,2.29,4.8,24.67,0.2999999999999998,39.84,38.19,1.0432050274941085,3.92,18.85,101.4,97.3,False
2026-01-21T08:14:29Z,2026-01-21T03:14:29-05:00,2026-02-03 19:45 UTC,,Copa Alemana,1.251486197,35042420,Leverkusen v St Pauli,HOME,44787,SEL_44787,1.55,10.81,1.58,5.59,0.030000000000000027,113.25999999999999,88.0,1.2870454545454544,,18.85,101.4,97.3,False
2026-01-21T08:17:29Z,2026-01-21T03:17:29-05:00,2026-02-03 19:45 UTC,,Copa Alemana,1.251486197,35042420,Leverkusen v St Pauli,AWAY,44526,SEL_44526,6.8,20.38,7.6,1.35,0.7999999999999998,24.57,26.630000000000003,0.9226436349981223,12.11,18.85,101.4,97.8,False
2026-01-21T08:17:29Z,2026-01-21T03:17:29-05:00,2026-02-03 19:45 UTC,,Copa Alemana,1.251486197,35042420,Leverkusen v St Pauli,DRAW,58805,SEL_58805,4.5,2.29,4.7,5.59,0.20000000000000018,39.84,40.25,0.9898136645962734,3.92,18.85,101.4,97.8,False
2026-01-21T08:17:29Z,2026-01-21T03:17:29-05:00,2026-02-03 19:45 UTC,,Copa Alemana,1.251486197,35042420,Leverkusen v St Pauli,HOME,44787,SEL_44787,1.55,10.81,1.58,5.59,0.030000000000000027,113.25999999999999,88.0,1.2870454545454544,,18.85,101.4,97.8,False
2026-01-21T08:47:30Z,2026-01-21T03:47:30-05:00,2026-02-03 19:45 UTC,,Copa Alemana,1.251486197,35042420,Leverkusen v St Pauli,AWAY,44526,SEL_44526,6.8,20.38,7.6,1.35,0.7999999999999998,27.349999999999998,26.630000000000003,1.0270371761171608,12.11,18.85,101.4,97.3,False
2026-01-21T08:47:30Z,2026-01-21T03:47:30-05:00,2026-02-03 19:45 UTC,,Copa Alemana,1.251486197,35042420,Leverkusen v St Pauli,DRAW,58805,SEL_58805,4.5,2.29,4.8,8.77,0.2999999999999998,39.84,50.339999999999996,0.7914183551847439,3.92,18.85,101.4,97.3,False
2026-01-21T08:47:30Z,2026-01-21T03:47:30-05:00,2026-02-03 19:45 UTC,,Copa Alemana,1.251486197,35042420,Leverkusen v St Pauli,HOME,44787,SEL_44787,1.55,10.81,1.58,5.59,0.030000000000000027,49.19,88.0,0.5589772727272727,,18.85,101.4,97.3,False
2026-01-21T08:50:30Z,2026-01-21T03:50:30-05:00,2026-02-04 19:45 UTC,,Copa Alemana,1.251486305,35042419,Holstein Kiel v Stuttgart,DRAW,58805,SEL_58805,4.5,6.7,5.0,3.19,0.5,21.53,31.54,0.6826252377932784,0.34,1.82,103.8,94.1,False
2026-01-21T08:50:30Z,2026-01-21T03:50:30-05:00,2026-02-04 19:45 UTC,,Copa Alemana,1.251486305,35042419,Holstein Kiel v Stuttgart,HOME,247830,SEL_247830,6.0,4.7,7.8,27.11,1.7999999999999998,11.99,28.439999999999998,0.4215893108298172,0.24,1.82,103.8,94.1,False
2026-01-21T08:50:30Z,2026-01-21T03:50:30-05:00,2026-02-04 19:45 UTC,,Copa Alemana,1.251486305,35042419,Holstein Kiel v Stuttgart,AWAY,44519,SEL_44519,1.54,33.65,1.63,7.04,0.08999999999999986,136.98,47.65,2.8747114375655825,0.97,1.82,103.8,94.1,False
2026-01-21T08:53:30Z,2026-01-21T03:53:30-05:00,2026-02-04 19:45 UTC,,Copa Alemana,1.251486305,35042419,Holstein Kiel v Stuttgart,DRAW,58805,SEL_58805,4.5,9.05,5.0,3.19,0.5,21.68,11.21,1.933987511150758,0.34,1.82,102.7,94.9,False
2026-01-21T08:53:30Z,2026-01-21T03:53:30-05:00,2026-02-04 19:45 UTC,,Copa Alemana,1.251486305,35042419,Holstein Kiel v Stuttgart,HOME,247830,SEL_247830,6.4,2.35,7.8,28.47,1.3999999999999995,10.0,29.799999999999997,0.33557046979865773,0.24,1.82,102.7,94.9,False
2026-01-21T08:53:30Z,2026-01-21T03:53:30-05:00,2026-02-04 19:45 UTC,,Copa Alemana,1.251486305,35042419,Holstein Kiel v Stuttgart,AWAY,44519,SEL_44519,1.54,33.65,1.61,9.35,0.07000000000000006,139.33,39.61,3.5175460742236813,0.97,1.82,102.7,94.9,False
2026-01-21T08:53:30Z,2026-01-21T03:53:30-05:00,2026-02-03 19:45 UTC,,Copa Alemana,1.251486197,35042420,Leverkusen v St Pauli,AWAY,44526,SEL_44526,6.8,20.38,7.6,1.35,0.7999999999999998,42.66,26.630000000000003,1.6019526849417947,12.11,18.85,101.4,97.3,False
2026-01-21T08:53:30Z,2026-01-21T03:53:30-05:00,2026-02-03 19:45 UTC,,Copa Alemana,1.251486197,35042420,Leverkusen v St Pauli,DRAW,58805,SEL_58805,4.5,2.29,4.8,30.14,0.2999999999999998,39.84,43.66,0.9125057260650482,3.92,18.85,101.4,97.3,False
2026-01-21T08:53:30Z,2026-01-21T03:53:30-05:00,2026-02-03 19:45 UTC,,Copa Alemana,1.251486197,35042420,Leverkusen v St Pauli,HOME,44787,SEL_44787,1.55,10.81,1.58,5.59,0.030000000000000027,115.8,27.439999999999998,4.220116618075802,,18.85,101.4,97.3,False
2026-01-21T08:56:30Z,2026-01-21T03:56:30-05:00,2026-02-03 19:45 UTC,,Copa Alemana,1.251486197,35042420,Leverkusen v St Pauli,AWAY,44526,SEL_44526,6.8,20.38,7.6,1.35,0.7999999999999998,38.16,26.630000000000003,1.432970334209538,12.11,18.85,101.4,97.3,False
2026-01-21T08:56:30Z,2026-01-21T03:56:30-05:00,2026-02-03 19:45 UTC,,Copa Alemana,1.251486197,35042420,Leverkusen v St Pauli,DRAW,58805,SEL_58805,4.5,2.29,4.8,30.14,0.2999999999999998,39.84,43.66,0.9125057260650482,3.92,18.85,101.4,97.3,False
2026-01-21T08:56:30Z,2026-01-21T03:56:30-05:00,2026-02-03 19:45 UTC,,Copa Alemana,1.251486197,35042420,Leverkusen v St Pauli,HOME,44787,SEL_44787,1.55,10.81,1.58,5.59,0.030000000000000027,49.19,89.17,0.5516429292362902,,18.85,101.4,97.3,False
2026-01-21T09:11:19Z,2026-01-21T04:11:19-05:00,2026-02-03 14:30 UTC,,Copa Alemana,1.251486414,35042418,Bayern Munich v RB Leipzig,DRAW,58805,SEL_58805,1.09,4.13,1000.0,1.15,998.91,107.22,1.15,93.23478260869565,,0.0,275.1,0.3,False
2026-01-21T09:11:19Z,2026-01-21T04:11:19-05:00,2026-02-03 14:30 UTC,,Copa Alemana,1.251486414,35042418,Bayern Munich v RB Leipzig,HOME,5774350,SEL_5774350,1.09,4.13,1000.0,1.15,998.91,414.59000000000003,1.15,360.5130434782609,,0.0,275.1,0.3,False
2026-01-21T09:11:19Z,2026-01-21T04:11:19-05:00,2026-02-03 14:30 UTC,,Copa Alemana,1.251486414,35042418,Bayern Munich v RB Leipzig,AWAY,5340398,SEL_5340398,1.09,4.13,1000.0,1.15,998.91,414.59000000000003,1.15,360.5130434782609,,0.0,275.1,0.3,False
2026-01-21T09:11:19Z,2026-01-21T04:11:19-05:00,2026-02-03 19:45 UTC,,Copa Alemana,1.251486546,35042417,Hertha Berlin v Freiburg,DRAW,58805,SEL_58805,1.09,4.13,1000.0,1.15,998.91,107.22,1.15,93.23478260869565,,0.0,275.1,0.3,False
2026-01-21T09:11:19Z,2026-01-21T04:11:19-05:00,2026-02-03 19:45 UTC,,Copa Alemana,1.251486546,35042417,Hertha Berlin v Freiburg,AWAY,44520,SEL_44520,1.09,4.13,1000.0,1.15,998.91,414.59000000000003,1.15,360.5130434782609,,0.0,275.1,0.3,False
2026-01-21T09:11:19Z,2026-01-21T04:11:19-05:00,2026-02-03 19:45 UTC,,Copa Alemana,1.251486546,35042417,Hertha Berlin v Freiburg,HOME,44518,SEL_44518,1.09,4.13,1000.0,1.15,998.91,414.59000000000003,1.15,360.5130434782609,,0.0,275.1,0.3,False
2026-01-21T09:11:19Z,2026-01-21T04:11:19-05:00,2026-02-03 19:45 UTC,,Copa Alemana,1.251486197,35042420,Leverkusen v St Pauli,AWAY,44526,SEL_44526,6.8,20.38,7.6,1.35,0.7999999999999998,38.16,26.630000000000003,1.432970334209538,12.11,18.85,101.4,97.3,False
2026-01-21T09:11:19Z,2026-01-21T04:11:19-05:00,2026-02-03 19:45 UTC,,Copa Alemana,1.251486197,35042420,Leverkusen v St Pauli,DRAW,58805,SEL_58805,4.5,2.29,4.8,30.14,0.2999999999999998,39.84,43.66,0.9125057260650482,3.92,18.85,101.4,97.3,False
2026-01-21T09:11:19Z,2026-01-21T04:11:19-05:00,2026-02-03 19:45 UTC,,Copa Alemana,1.251486197,35042420,Leverkusen v St Pauli,HOME,44787,SEL_44787,1.55,10.81,1.58,5.59,0.030000000000000027,49.19,89.17,0.5516429292362902,,18.85,101.4,97.3,False
2026-01-21T09:11:19Z,2026-01-21T04:11:19-05:00,2026-02-04 19:45 UTC,,Copa Alemana,1.251486305,35042419,Holstein Kiel v Stuttgart,DRAW,58805,SEL_58805,4.5,9.05,5.0,3.19,0.5,21.68,11.21,1.933987511150758,0.34,1.82,102.7,94.9,False
2026-01-21T09:11:19Z,2026-01-21T04:11:19-05:00,2026-02-04 19:45 UTC,,Copa Alemana,1.251486305,35042419,Holstein Kiel v Stuttgart,HOME,247830,SEL_247830,6.4,2.35,7.8,28.47,1.3999999999999995,10.0,29.799999999999997,0.33557046979865773,0.24,1.82,102.7,94.9,False
2026-01-21T09:11:19Z,2026-01-21T04:11:19-05:00,2026-02-04 19:45 UTC,,Copa Alemana,1.251486305,35042419,Holstein Kiel v Stuttgart,AWAY,44519,SEL_44519,1.54,33.65,1.61,9.35,0.07000000000000006,139.33,39.61,3.5175460742236813,0.97,1.82,102.7,94.9,False
2026-01-21T09:20:31Z,2026-01-21T04:20:31-05:00,2026-02-03 19:45 UTC,,Copa Alemana,1.251486197,35042420,Leverkusen v St Pauli,AWAY,44526,SEL_44526,6.8,20.38,7.6,1.35,0.7999999999999998,24.57,26.630000000000003,0.9226436349981223,12.11,18.85,101.4,97.8,False
2026-01-21T09:20:31Z,2026-01-21T04:20:31-05:00,2026-02-03 19:45 UTC,,Copa Alemana,1.251486197,35042420,Leverkusen v St Pauli,DRAW,58805,SEL_58805,4.5,2.29,4.7,5.59,0.20000000000000018,39.84,40.01,0.9957510622344415,3.92,18.85,101.4,97.8,False
2026-01-21T09:20:31Z,2026-01-21T04:20:31-05:00,2026-02-03 19:45 UTC,,Copa Alemana,1.251486197,35042420,Leverkusen v St Pauli,HOME,44787,SEL_44787,1.55,10.81,1.58,5.59,0.030000000000000027,112.37,89.17,1.2601771896377705,,18.85,101.4,97.8,False
2026-01-21T14:25:18Z,2026-01-21T09:25:18-05:00,2026-02-03 14:30 UTC,,Copa Alemana,1.251486414,35042418,Bayern Munich v RB Leipzig,DRAW,58805,SEL_58805,1.09,4.12,1000.0,1.15,998.91,107.08999999999999,1.15,93.12173913043478,,0.0,275.1,0.3,False
2026-01-21T14:25:18Z,2026-01-21T09:25:18-05:00,2026-02-03 14:30 UTC,,Copa Alemana,1.251486414,35042418,Bayern Munich v RB Leipzig,HOME,5774350,SEL_5774350,1.09,4.12,1000.0,1.15,998.91,414.09,1.15,360.0782608695652,,0.0,275.1,0.3,False
2026-01-21T14:25:18Z,2026-01-21T09:25:18-05:00,2026-02-03 14:30 UTC,,Copa Alemana,1.251486414,35042418,Bayern Munich v RB Leipzig,AWAY,5340398,SEL_5340398,1.09,4.12,1000.0,1.15,998.91,414.09,1.15,360.0782608695652,,0.0,275.1,0.3,False
2026-01-21T14:25:18Z,2026-01-21T09:25:18-05:00,2026-02-03 19:45 UTC,,Copa Alemana,1.251486546,35042417,Hertha Berlin v Freiburg,DRAW,58805,SEL_58805,1.09,4.12,1000.0,1.15,998.91,107.08999999999999,1.15,93.12173913043478,,0.0,275.1,0.3,False
2026-01-21T14:25:18Z,2026-01-21T09:25:18-05:00,2026-02-03 19:45 UTC,,Copa Alemana,1.251486546,35042417,Hertha Berlin v Freiburg,AWAY,44520,SEL_44520,1.09,4.12,1000.0,1.15,998.91,414.09,1.15,360.0782608695652,,0.0,275.1,0.3,False
2026-01-21T14:25:18Z,2026-01-21T09:25:18-05:00,2026-02-03 19:45 UTC,,Copa Alemana,1.251486546,35042417,Hertha Berlin v Freiburg,HOME,44518,SEL_44518,1.09,4.12,1000.0,1.15,998.91,414.09,1.15,360.0782608695652,,0.0,275.1,0.3,False
2026-01-21T14:25:18Z,2026-01-21T09:25:18-05:00,2026-02-03 19:45 UTC,,Copa Alemana,1.251486197,35042420,Leverkusen v St Pauli,AWAY,44526,SEL_44526,6.8,5.58,7.6,16.2,0.7999999999999998,47.31,27.65,1.7110307414104884,21.5,36.43,101.5,97.0,False
2026-01-21T14:25:18Z,2026-01-21T09:25:18-05:00,2026-02-03 19:45 UTC,,Copa Alemana,1.251486197,35042420,Leverkusen v St Pauli,DRAW,58805,SEL_58805,4.4,2.29,4.7,5.58,0.2999999999999998,65.3,35.36,1.8467194570135745,3.99,36.43,101.5,97.0,False
2026-01-21T14:25:18Z,2026-01-21T09:25:18-05:00,2026-02-03 19:45 UTC,,Copa Alemana,1.251486197,35042420,Leverkusen v St Pauli,HOME,44787,SEL_44787,1.56,7.0,1.6,76.07,0.040000000000000036,124.6,170.57999999999998,0.7304490561613319,5.53,36.43,101.5,97.0,False
2026-01-21T14:25:18Z,2026-01-21T09:25:18-05:00,2026-02-04 19:45 UTC,,Copa Alemana,1.251486305,35042419,Holstein Kiel v Stuttgart,DRAW,58805,SEL_58805,4.5,9.04,5.0,3.16,0.5,21.63,31.48,0.6871029224904701,0.34,3.86,103.8,94.5,False
2026-01-21T14:25:18Z,2026-01-21T09:25:18-05:00,2026-02-04 19:45 UTC,,Copa Alemana,1.251486305,35042419,Holstein Kiel v Stuttgart,HOME,247830,SEL_247830,6.0,4.7,7.8,28.43,1.7999999999999998,12.15,29.759999999999998,0.4082661290322581,1.98,3.86,103.8,94.5,False
2026-01-21T14:25:18Z,2026-01-21T09:25:18-05:00,2026-02-04 19:45 UTC,,Copa Alemana,1.251486305,35042419,Holstein Kiel v Stuttgart,AWAY,44519,SEL_44519,1.54,33.61,1.62,23.2,0.08000000000000007,139.08,47.379999999999995,2.9354157872520057,0.97,3.86,103.8,94.5,False
2026-01-21T14:30:52Z,2026-01-21T09:30:52-05:00,2026-02-03 14:30 UTC,,Copa Alemana,1.251486414,35042418,Bayern Munich v RB Leipzig,DRAW,58805,SEL_58805,1.09,4.12,1000.0,1.15,998.91,107.08999999999999,1.15,93.12173913043478,,0.0,275.1,0.3,False
2026-01-21T14:30:52Z,2026-01-21T09:30:52-05:00,2026-02-03 14:30 UTC,,Copa Alemana,1.251486414,35042418,Bayern Munich v RB Leipzig,HOME,5774350,SEL_5774350,1.09,4.12,1000.0,1.15,998.91,414.09,1.15,360.0782608695652,,0.0,275.1,0.3,False
2026-01-21T14:30:52Z,2026-01-21T09:30:52-05:00,2026-02-03 14:30 UTC,,Copa Alemana,1.251486414,35042418,Bayern Munich v RB Leipzig,AWAY,5340398,SEL_5340398,1.09,4.12,1000.0,1.15,998.91,414.09,1.15,360.0782608695652,,0.0,275.1,0.3,False
2026-01-21T14:30:52Z,2026-01-21T09:30:52-05:00,2026-02-03 19:45 UTC,,Copa Alemana,1.251486546,35042417,Hertha Berlin v Freiburg,DRAW,58805,SEL_58805,1.09,4.12,1000.0,1.15,998.91,107.08999999999999,1.15,93.12173913043478,,0.0,275.1,0.3,False
2026-01-21T14:30:52Z,2026-01-21T09:30:52-05:00,2026-02-03 19:45 UTC,,Copa Alemana,1.251486546,35042417,Hertha Berlin v Freiburg,AWAY,44520,SEL_44520,1.09,4.12,1000.0,1.15,998.91,414.09,1.15,360.0782608695652,,0.0,275.1,0.3,False
2026-01-21T14:30:52Z,2026-01-21T09:30:52-05:00,2026-02-03 19:45 UTC,,Copa Alemana,1.251486546,35042417,Hertha Berlin v Freiburg,HOME,44518,SEL_44518,1.09,4.12,1000.0,1.15,998.91,414.09,1.15,360.0782608695652,,0.0,275.1,0.3,False
2026-01-21T14:30:52Z,2026-01-21T09:30:52-05:00,2026-02-03 19:45 UTC,,Copa Alemana,1.251486197,35042420,Leverkusen v St Pauli,AWAY,44526,SEL_44526,6.8,5.58,7.6,16.2,0.7999999999999998,47.31,27.65,1.7110307414104884,21.5,36.43,101.5,97.0,False
2026-01-21T14:30:52Z,2026-01-21T09:30:52-05:00,2026-02-03 19:45 UTC,,Copa Alemana,1.251486197,35042420,Leverkusen v St Pauli,DRAW,58805,SEL_58805,4.4,2.29,4.7,5.58,0.2999999999999998,65.3,35.36,1.8467194570135745,3.99,36.43,101.5,97.0,False
2026-01-21T14:30:52Z,2026-01-21T09:30:52-05:00,2026-02-03 19:45 UTC,,Copa Alemana,1.251486197,35042420,Leverkusen v St Pauli,HOME,44787,SEL_44787,1.56,7.0,1.6,76.07,0.040000000000000036,124.6,170.57999999999998,0.7304490561613319,5.53,36.43,101.5,97.0,False
2026-01-21T14:30:52Z,2026-01-21T09:30:52-05:00,2026-02-04 19:45 UTC,,Copa Alemana,1.251486305,35042419,Holstein Kiel v Stuttgart,DRAW,58805,SEL_58805,4.5,9.04,5.0,3.16,0.5,21.63,31.48,0.6871029224904701,0.34,3.86,103.8,94.5,False
2026-01-21T14:30:52Z,2026-01-21T09:30:52-05:00,2026-02-04 19:45 UTC,,Copa Alemana,1.251486305,35042419,Holstein Kiel v Stuttgart,HOME,247830,SEL_247830,6.0,4.7,7.8,28.43,1.7999999999999998,12.15,29.759999999999998,0.4082661290322581,1.98,3.86,103.8,94.5,False
2026-01-21T14:30:52Z,2026-01-21T09:30:52-05:00,2026-02-04 19:45 UTC,,Copa Alemana,1.251486305,35042419,Holstein Kiel v Stuttgart,AWAY,44519,SEL_44519,1.54,33.61,1.62,23.2,0.08000000000000007,139.08,47.379999999999995,2.9354157872520057,0.97,3.86,103.8,94.5,False
2026-01-21T17:59:39Z,2026-01-21T12:59:39-05:00,2026-02-03 14:30 UTC,,Copa Alemana,1.251486414,35042418,Bayern Munich v RB Leipzig,DRAW,58805,SEL_58805,1.09,4.12,1000.0,1.15,998.91,107.1,1.15,93.1304347826087,,0.0,275.1,0.3,False
2026-01-21T17:59:39Z,2026-01-21T12:59:39-05:00,2026-02-03 14:30 UTC,,Copa Alemana,1.251486414,35042418,Bayern Munich v RB Leipzig,HOME,5774350,SEL_5774350,1.09,4.12,1000.0,1.15,998.91,414.15999999999997,1.15,360.1391304347826,,0.0,275.1,0.3,False
2026-01-21T17:59:39Z,2026-01-21T12:59:39-05:00,2026-02-03 14:30 UTC,,Copa Alemana,1.251486414,35042418,Bayern Munich v RB Leipzig,AWAY,5340398,SEL_5340398,1.09,4.12,1000.0,1.15,998.91,414.15999999999997,1.15,360.1391304347826,,0.0,275.1,0.3,False
2026-01-21T17:59:39Z,2026-01-21T12:59:39-05:00,2026-02-03 19:45 UTC,,Copa Alemana,1.251486546,35042417,Hertha Berlin v Freiburg,DRAW,58805,SEL_58805,1.09,4.12,1000.0,1.15,998.91,107.1,1.15,93.1304347826087,,0.0,275.1,0.3,False
2026-01-21T17:59:39Z,2026-01-21T12:59:39-05:00,2026-02-03 19:45 UTC,,Copa Alemana,1.251486546,35042417,Hertha Berlin v Freiburg,AWAY,44520,SEL_44520,1.09,4.12,1000.0,1.15,998.91,414.15999999999997,1.15,360.1391304347826,,0.0,275.1,0.3,False
2026-01-21T17:59:39Z,2026-01-21T12:59:39-05:00,2026-02-03 19:45 UTC,,Copa Alemana,1.251486546,35042417,Hertha Berlin v Freiburg,HOME,44518,SEL_44518,1.09,4.12,1000.0,1.15,998.91,414.15999999999997,1.15,360.1391304347826,,0.0,275.1,0.3,False
2026-01-21T17:59:39Z,2026-01-21T12:59:39-05:00,2026-02-03 19:45 UTC,,Copa Alemana,1.251486197,35042420,Leverkusen v St Pauli,AWAY,44526,SEL_44526,6.8,5.58,7.6,16.2,0.7999999999999998,30.14,27.65,1.0900542495479204,21.5,36.44,101.5,97.4,False
2026-01-21T17:59:39Z,2026-01-21T12:59:39-05:00,2026-02-03 19:45 UTC,,Copa Alemana,1.251486197,35042420,Leverkusen v St Pauli,DRAW,58805,SEL_58805,4.4,2.29,4.7,5.58,0.2999999999999998,65.3,35.370000000000005,1.8461973423805482,3.99,36.44,101.5,97.4,False
2026-01-21T17:59:39Z,2026-01-21T12:59:39-05:00,2026-02-03 19:45 UTC,,Copa Alemana,1.251486197,35042420,Leverkusen v St Pauli,HOME,44787,SEL_44787,1.56,7.0,1.59,5.58,0.030000000000000027,124.61999999999999,93.28,1.335977701543739,5.53,36.44,101.5,97.4,False
2026-01-21T17:59:39Z,2026-01-21T12:59:39-05:00,2026-02-04 19:45 UTC,,Copa Alemana,1.251486305,35042419,Holstein Kiel v Stuttgart,DRAW,58805,SEL_58805,4.5,9.04,5.0,3.16,0.5,21.63,31.48,0.6871029224904701,0.34,3.86,103.8,94.5,False
2026-01-21T17:59:39Z,2026-01-21T12:59:39-05:00,2026-02-04 19:45 UTC,,Copa Alemana,1.251486305,35042419,Holstein Kiel v Stuttgart,HOME,247830,SEL_247830,6.0,4.7,7.8,28.44,1.7999999999999998,12.15,29.77,0.40812898891501515,1.98,3.86,103.8,94.5,False
2026-01-21T17:59:39Z,2026-01-21T12:59:39-05:00,2026-02-04 19:45 UTC,,Copa Alemana,1.251486305,35042419,Holstein Kiel v Stuttgart,AWAY,44519,SEL_44519,1.54,33.62,1.62,23.2,0.08000000000000007,139.12,47.39,2.9356404304705634,0.97,3.86,103.8,94.5,False
2026-01-21T18:42:18Z,2026-01-21T13:42:18-05:00,2026-02-03 14:30 UTC,2026-02-03T09:30-05:00,Copa Alemana,1.251486414,35042418,Bayern Munich v RB Leipzig,DRAW,58805,SEL_58805,1.09,4.12,1000.0,1.15,998.91,107.11999999999999,1.15,93.14782608695653,,0.0,275.1,0.3,False
2026-01-21T18:42:18Z,2026-01-21T13:42:18-05:00,2026-02-03 14:30 UTC,2026-02-03T09:30-05:00,Copa Alemana,1.251486414,35042418,Bayern Munich v RB Leipzig,HOME,5774350,SEL_5774350,1.09,4.12,1000.0,1.15,998.91,414.24,1.15,360.20869565217396,,0.0,275.1,0.3,False
2026-01-21T18:42:18Z,2026-01-21T13:42:18-05:00,2026-02-03 14:30 UTC,2026-02-03T09:30-05:00,Copa Alemana,1.251486414,35042418,Bayern Munich v RB Leipzig,AWAY,5340398,SEL_5340398,1.09,4.12,1000.0,1.15,998.91,414.24,1.15,360.20869565217396,,0.0,275.1,0.3,False
2026-01-21T18:42:18Z,2026-01-21T13:42:18-05:00,2026-02-03 19:45 UTC,2026-02-03T14:45-05:00,Copa Alemana,1.251486546,35042417,Hertha Berlin v Freiburg,DRAW,58805,SEL_58805,1.09,4.12,1000.0,1.15,998.91,107.11999999999999,1.15,93.14782608695653,,0.0,275.1,0.3,False
2026-01-21T18:42:18Z,2026-01-21T13:42:18-05:00,2026-02-03 19:45 UTC,2026-02-03T14:45-05:00,Copa Alemana,1.251486546,35042417,Hertha Berlin v Freiburg,AWAY,44520,SEL_44520,1.09,4.12,1000.0,1.15,998.91,414.24,1.15,360.20869565217396,,0.0,275.1,0.3,False
2026-01-21T18:42:18Z,2026-01-21T13:42:18-05:00,2026-02-03 19:45 UTC,2026-02-03T14:45-05:00,Copa Alemana,1.251486546,35042417,Hertha Berlin v Freiburg,HOME,44518,SEL_44518,1.09,4.12,1000.0,1.15,998.91,414.24,1.15,360.20869565217396,,0.0,275.1,0.3,False
2026-01-21T18:42:18Z,2026-01-21T13:42:18-05:00,2026-02-03 19:45 UTC,2026-02-03T14:45-05:00,Copa Alemana,1.251486197,35042420,Leverkusen v St Pauli,AWAY,44526,SEL_44526,6.8,5.58,7.6,16.2,0.7999999999999998,30.14,27.65,1.0900542495479204,21.5,36.44,101.5,97.4,False
2026-01-21T18:42:18Z,2026-01-21T13:42:18-05:00,2026-02-03 19:45 UTC,2026-02-03T14:45-05:00,Copa Alemana,1.251486197,35042420,Leverkusen v St Pauli,DRAW,58805,SEL_58805,4.4,2.29,4.7,5.58,0.2999999999999998,65.31,35.370000000000005,1.8464800678541136,3.99,36.44,101.5,97.4,False
2026-01-21T18:42:18Z,2026-01-21T13:42:18-05:00,2026-02-03 19:45 UTC,2026-02-03T14:45-05:00,Copa Alemana,1.251486197,35042420,Leverkusen v St Pauli,HOME,44787,SEL_44787,1.56,7.0,1.59,5.58,0.030000000000000027,124.64,93.3,1.3359056806002143,5.53,36.44,101.5,97.4,False
2026-01-21T18:42:18Z,2026-01-21T13:42:18-05:00,2026-02-04 19:45 UTC,2026-02-04T14:45-05:00,Copa Alemana,1.251486305,35042419,Holstein Kiel v Stuttgart,DRAW,58805,SEL_58805,4.5,9.05,5.0,3.16,0.5,21.64,31.48,0.6874205844980941,0.34,3.87,103.8,94.5,False
2026-01-21T18:42:18Z,2026-01-21T13:42:18-05:00,2026-02-04 19:45 UTC,2026-02-04T14:45-05:00,Copa Alemana,1.251486305,35042419,Holstein Kiel v Stuttgart,HOME,247830,SEL_247830,6.0,4.7,7.8,28.44,1.7999999999999998,12.17,29.77,0.40880080618071885,1.98,3.87,103.8,94.5,False
2026-01-21T18:42:18Z,2026-01-21T13:42:18-05:00,2026-02-04 19:45 UTC,2026-02-04T14:45-05:00,Copa Alemana,1.251486305,35042419,Holstein Kiel v Stuttgart,AWAY,44519,SEL_44519,1.54,33.63,1.62,23.2,0.08000000000000007,139.15,47.39,2.9362734754167548,0.97,3.87,103.8,94.5,False
2026-01-21T18:44:51Z,2026-01-21T13:44:51-05:00,2026-02-03 19:45 UTC,2026-02-03T14:45-05:00,Copa Alemana,1.251486197,35042420,Leverkusen v St Pauli,AWAY,44526,SEL_44526,6.8,5.58,7.6,16.2,0.7999999999999998,30.14,27.63,1.0908432862830257,21.49,36.43,101.5,97.4,False
2026-01-21T18:44:51Z,2026-01-21T13:44:51-05:00,2026-02-03 19:45 UTC,2026-02-03T14:45-05:00,Copa Alemana,1.251486197,35042420,Leverkusen v St Pauli,DRAW,58805,SEL_58805,4.4,2.29,4.7,5.58,0.2999999999999998,40.25,35.370000000000005,1.137970031099802,3.99,36.43,101.5,97.4,False
2026-01-21T18:44:51Z,2026-01-21T13:44:51-05:00,2026-02-03 19:45 UTC,2026-02-03T14:45-05:00,Copa Alemana,1.251486197,35042420,Leverkusen v St Pauli,HOME,44787,SEL_44787,1.56,7.0,1.59,5.58,0.030000000000000027,111.53,87.24,1.2784273269142596,5.53,36.43,101.5,97.4,False
2026-01-21T18:47:51Z,2026-01-21T13:47:51-05:00,2026-02-03 19:45 UTC,2026-02-03T14:45-05:00,Copa Alemana,1.251486197,35042420,Leverkusen v St Pauli,AWAY,44526,SEL_44526,6.8,19.54,7.6,16.2,0.7999999999999998,40.07,27.63,1.4502352515381831,21.49,36.43,101.5,97.4,False
2026-01-21T18:47:51Z,2026-01-21T13:47:51-05:00,2026-02-03 19:45 UTC,2026-02-03T14:45-05:00,Copa Alemana,1.251486197,35042420,Leverkusen v St Pauli,DRAW,58805,SEL_58805,4.4,2.29,4.7,5.58,0.2999999999999998,65.66,41.78,1.571565342269028,3.99,36.43,101.5,97.4,False
2026-01-21T18:47:51Z,2026-01-21T13:47:51-05:00,2026-02-03 19:45 UTC,2026-02-03T14:45-05:00,Copa Alemana,1.251486197,35042420,Leverkusen v St Pauli,HOME,44787,SEL_44787,1.56,7.0,1.59,5.58,0.030000000000000027,136.61,159.29000000000002,0.8576181806767531,5.53,36.43,101.5,97.4,False
2026-01-21T18:56:18Z,2026-01-21T13:56:18-05:00,2026-02-03 14:30 UTC,2026-02-03T09:30-05:00,Copa Alemana,1.251486414,35042418,Bayern Munich v RB Leipzig,DRAW,58805,SEL_58805,1.09,4.12,1000.0,1.15,998.91,107.11999999999999,1.15,93.14782608695653,,0.0,275.1,0.3,False
2026-01-21T18:56:18Z,2026-01-21T13:56:18-05:00,2026-02-03 14:30 UTC,2026-02-03T09:30-05:00,Copa Alemana,1.251486414,35042418,Bayern Munich v RB Leipzig,HOME,5774350,SEL_5774350,1.09,4.12,1000.0,1.15,998.91,414.24,1.15,360.20869565217396,,0.0,275.1,0.3,False
2026-01-21T18:56:18Z,2026-01-21T13:56:18-05:00,2026-02-03 14:30 UTC,2026-02-03T09:30-05:00,Copa Alemana,1.251486414,35042418,Bayern Munich v RB Leipzig,AWAY,5340398,SEL_5340398,1.09,4.12,1000.0,1.15,998.91,414.24,1.15,360.20869565217396,,0.0,275.1,0.3,False
2026-01-21T18:56:18Z,2026-01-21T13:56:18-05:00,2026-02-03 19:45 UTC,2026-02-03T14:45-05:00,Copa Alemana,1.251486546,35042417,Hertha Berlin v Freiburg,DRAW,58805,SEL_58805,1.09,4.12,1000.0,1.15,998.91,107.11999999999999,1.15,93.14782608695653,,0.0,275.1,0.3,False
2026-01-21T18:56:18Z,2026-01-21T13:56:18-05:00,2026-02-03 19:45 UTC,2026-02-03T14:45-05:00,Copa Alemana,1.251486546,35042417,Hertha Berlin v Freiburg,AWAY,44520,SEL_44520,1.09,4.12,1000.0,1.15,998.91,414.24,1.15,360.20869565217396,,0.0,275.1,0.3,False
2026-01-21T18:56:18Z,2026-01-21T13:56:18-05:00,2026-02-03 19:45 UTC,2026-02-03T14:45-05:00,Copa Alemana,1.251486546,35042417,Hertha Berlin v Freiburg,HOME,44518,SEL_44518,1.09,4.12,1000.0,1.15,998.91,414.24,1.15,360.20869565217396,,0.0,275.1,0.3,False
2026-01-21T18:56:18Z,2026-01-21T13:56:18-05:00,2026-02-03 19:45 UTC,2026-02-03T14:45-05:00,Copa Alemana,1.251486197,35042420,Leverkusen v St Pauli,AWAY,44526,SEL_44526,6.8,19.54,7.6,16.2,0.7999999999999998,40.07,27.63,1.4502352515381831,21.49,36.43,101.5,97.4,False
2026-01-21T18:56:18Z,2026-01-21T13:56:18-05:00,2026-02-03 19:45 UTC,2026-02-03T14:45-05:00,Copa Alemana,1.251486197,35042420,Leverkusen v St Pauli,DRAW,58805,SEL_58805,4.4,2.29,4.7,5.58,0.2999999999999998,65.66,41.78,1.571565342269028,3.99,36.43,101.5,97.4,False
2026-01-21T18:56:18Z,2026-01-21T13:56:18-05:00,2026-02-03 19:45 UTC,2026-02-03T14:45-05:00,Copa Alemana,1.251486197,35042420,Leverkusen v St Pauli,HOME,44787,SEL_44787,1.56,7.0,1.59,5.58,0.030000000000000027,136.61,159.29000000000002,0.8576181806767531,5.53,36.43,101.5,97.4,False
2026-01-21T18:56:18Z,2026-01-21T13:56:18-05:00,2026-02-04 19:45 UTC,2026-02-04T14:45-05:00,Copa Alemana,1.251486305,35042419,Holstein Kiel v Stuttgart,DRAW,58805,SEL_58805,4.5,9.05,5.0,3.16,0.5,21.64,31.48,0.6874205844980941,0.34,3.87,103.8,94.5,False
2026-01-21T18:56:18Z,2026-01-21T13:56:18-05:00,2026-02-04 19:45 UTC,2026-02-04T14:45-05:00,Copa Alemana,1.251486305,35042419,Holstein Kiel v Stuttgart,HOME,247830,SEL_247830,6.0,4.7,7.8,28.44,1.7999999999999998,12.17,29.77,0.40880080618071885,1.98,3.87,103.8,94.5,False
2026-01-21T18:56:18Z,2026-01-21T13:56:18-05:00,2026-02-04 19:45 UTC,2026-02-04T14:45-05:00,Copa Alemana,1.251486305,35042419,Holstein Kiel v Stuttgart,AWAY,44519,SEL_44519,1.54,33.63,1.62,23.2,0.08000000000000007,139.15,47.39,2.9362734754167548,0.97,3.87,103.8,94.5,False
2026-01-21T19:13:08Z,2026-01-21T14:13:08-05:00,2026-02-03 19:45 UTC,2026-02-03T14:45-05:00,Copa Alemana,1.251486197,35042420,Leverkusen v St Pauli,AWAY,44526,SEL_44526,7.0,5.58,7.6,16.2,0.5999999999999996,20.970000000000002,27.63,0.7589576547231272,21.49,36.43,101.1,97.4,False
2026-01-21T19:13:08Z,2026-01-21T14:13:08-05:00,2026-02-03 19:45 UTC,2026-02-03T14:45-05:00,Copa Alemana,1.251486197,35042420,Leverkusen v St Pauli,DRAW,58805,SEL_58805,4.4,2.29,4.7,7.91,0.2999999999999998,65.66,35.769999999999996,1.8356164383561644,3.99,36.43,101.1,97.4,False
2026-01-21T19:13:08Z,2026-01-21T14:13:08-05:00,2026-02-03 19:45 UTC,2026-02-03T14:45-05:00,Copa Alemana,1.251486197,35042420,Leverkusen v St Pauli,HOME,44787,SEL_44787,1.56,7.0,1.59,11.93,0.030000000000000027,136.61,101.55000000000001,1.3452486459871984,5.53,36.43,101.1,97.4,False
2026-01-21T19:20:43Z,2026-01-21T14:20:43-05:00,2026-02-03 14:30 UTC,2026-02-03T09:30-05:00,Copa Alemana,1.251486414,35042418,Bayern Munich v RB Leipzig,DRAW,58805,SEL_58805,1.09,4.12,1000.0,1.15,998.91,107.11999999999999,1.15,93.14782608695653,,0.0,275.1,0.3,False
2026-01-21T19:20:43Z,2026-01-21T14:20:43-05:00,2026-02-03 14:30 UTC,2026-02-03T09:30-05:00,Copa Alemana,1.251486414,35042418,Bayern Munich v RB Leipzig,HOME,5774350,SEL_5774350,1.09,4.12,1000.0,1.15,998.91,414.24,1.15,360.20869565217396,,0.0,275.1,0.3,False
2026-01-21T19:20:43Z,2026-01-21T14:20:43-05:00,2026-02-03 14:30 UTC,2026-02-03T09:30-05:00,Copa Alemana,1.251486414,35042418,Bayern Munich v RB Leipzig,AWAY,5340398,SEL_5340398,1.09,4.12,1000.0,1.15,998.91,414.24,1.15,360.20869565217396,,0.0,275.1,0.3,False
2026-01-21T19:20:43Z,2026-01-21T14:20:43-05:00,2026-02-03 19:45 UTC,2026-02-03T14:45-05:00,Copa Alemana,1.251486546,35042417,Hertha Berlin v Freiburg,DRAW,58805,SEL_58805,1.09,4.12,1000.0,1.15,998.91,107.11999999999999,1.15,93.14782608695653,,0.0,275.1,0.3,False
2026-01-21T19:20:43Z,2026-01-21T14:20:43-05:00,2026-02-03 19:45 UTC,2026-02-03T14:45-05:00,Copa Alemana,1.251486546,35042417,Hertha Berlin v Freiburg,AWAY,44520,SEL_44520,1.09,4.12,1000.0,1.15,998.91,414.24,1.15,360.20869565217396,,0.0,275.1,0.3,False
2026-01-21T19:20:43Z,2026-01-21T14:20:43-05:00,2026-02-03 19:45 UTC,2026-02-03T14:45-05:00,Copa Alemana,1.251486546,35042417,Hertha Berlin v Freiburg,HOME,44518,SEL_44518,1.09,4.12,1000.0,1.15,998.91,414.24,1.15,360.20869565217396,,0.0,275.1,0.3,False
2026-01-21T19:20:43Z,2026-01-21T14:20:43-05:00,2026-02-03 19:45 UTC,2026-02-03T14:45-05:00,Copa Alemana,1.251486197,35042420,Leverkusen v St Pauli,AWAY,44526,SEL_44526,7.0,5.58,7.6,16.2,0.5999999999999996,20.970000000000002,27.63,0.7589576547231272,21.49,36.43,101.1,97.4,False
2026-01-21T19:20:43Z,2026-01-21T14:20:43-05:00,2026-02-03 19:45 UTC,2026-02-03T14:45-05:00,Copa Alemana,1.251486197,35042420,Leverkusen v St Pauli,DRAW,58805,SEL_58805,4.4,2.29,4.7,7.91,0.2999999999999998,65.66,35.769999999999996,1.8356164383561644,3.99,36.43,101.1,97.4,False
2026-01-21T19:20:43Z,2026-01-21T14:20:43-05:00,2026-02-03 19:45 UTC,2026-02-03T14:45-05:00,Copa Alemana,1.251486197,35042420,Leverkusen v St Pauli,HOME,44787,SEL_44787,1.56,7.0,1.59,11.93,0.030000000000000027,136.61,101.55000000000001,1.3452486459871984,5.53,36.43,101.1,97.4,False
2026-01-21T19:20:43Z,2026-01-21T14:20:43-05:00,2026-02-04 19:45 UTC,2026-02-04T14:45-05:00,Copa Alemana,1.251486305,35042419,Holstein Kiel v Stuttgart,DRAW,58805,SEL_58805,4.5,9.05,5.0,3.16,0.5,21.64,31.48,0.6874205844980941,0.34,3.87,103.8,94.5,False
2026-01-21T19:20:43Z,2026-01-21T14:20:43-05:00,2026-02-04 19:45 UTC,2026-02-04T14:45-05:00,Copa Alemana,1.251486305,35042419,Holstein Kiel v Stuttgart,HOME,247830,SEL_247830,6.0,4.7,7.8,28.44,1.7999999999999998,12.17,29.77,0.40880080618071885,1.98,3.87,103.8,94.5,False
2026-01-21T19:20:43Z,2026-01-21T14:20:43-05:00,2026-02-04 19:45 UTC,2026-02-04T14:45-05:00,Copa Alemana,1.251486305,35042419,Holstein Kiel v Stuttgart,AWAY,44519,SEL_44519,1.54,33.63,1.62,23.2,0.08000000000000007,139.15,47.39,2.9362734754167548,0.97,3.87,103.8,94.5,False
2026-01-21T19:44:22Z,2026-01-21T14:44:22-05:00,2026-02-03 19:45 UTC,2026-02-03T14:45-05:00,Copa Alemana,1.251486197,35042420,Leverkusen v St Pauli,AWAY,44526,SEL_44526,6.8,19.54,7.6,16.2,0.7999999999999998,40.07,27.63,1.4502352515381831,21.49,36.43,101.5,97.4,False
2026-01-21T19:44:22Z,2026-01-21T14:44:22-05:00,2026-02-03 19:45 UTC,2026-02-03T14:45-05:00,Copa Alemana,1.251486197,35042420,Leverkusen v St Pauli,DRAW,58805,SEL_58805,4.4,2.29,4.7,5.58,0.2999999999999998,65.66,41.78,1.571565342269028,3.99,36.43,101.5,97.4,False
2026-01-21T19:44:22Z,2026-01-21T14:44:22-05:00,2026-02-03 19:45 UTC,2026-02-03T14:45-05:00,Copa Alemana,1.251486197,35042420,Leverkusen v St Pauli,HOME,44787,SEL_44787,1.56,7.0,1.59,5.58,0.030000000000000027,136.61,159.29000000000002,0.8576181806767531,5.53,36.43,101.5,97.4,False
2026-01-21T20:05:23Z,2026-01-21T15:05:23-05:00,2026-02-04 19:45 UTC,2026-02-04T14:45-05:00,Copa Alemana,1.251486305,35042419,Holstein Kiel v Stuttgart,DRAW,58805,SEL_58805,4.5,9.05,5.0,3.16,0.5,25.57,31.48,0.8122617534942821,0.34,3.87,103.8,94.9,False
2026-01-21T20:05:23Z,2026-01-21T15:05:23-05:00,2026-02-04 19:45 UTC,2026-02-04T14:45-05:00,Copa Alemana,1.251486305,35042419,Holstein Kiel v Stuttgart,HOME,247830,SEL_247830,6.0,4.7,7.8,28.44,1.7999999999999998,15.29,29.77,0.5136042996305005,1.98,3.87,103.8,94.9,False
2026-01-21T20:05:23Z,2026-01-21T15:05:23-05:00,2026-02-04 19:45 UTC,2026-02-04T14:45-05:00,Copa Alemana,1.251486305,35042419,Holstein Kiel v Stuttgart,AWAY,44519,SEL_44519,1.54,33.63,1.61,33.27,0.07000000000000006,139.15,57.46000000000001,2.421684650191437,0.97,3.87,103.8,94.9,False
2026-01-21T20:17:23Z,2026-01-21T15:17:23-05:00,2026-02-03 19:45 UTC,2026-02-03T14:45-05:00,Copa Alemana,1.251486197,35042420,Leverkusen v St Pauli,AWAY,44526,SEL_44526,7.0,5.58,7.6,16.2,0.5999999999999996,20.970000000000002,27.63,0.7589576547231272,21.48,36.42,101.1,97.4,False
2026-01-21T20:17:23Z,2026-01-21T15:17:23-05:00,2026-02-03 19:45 UTC,2026-02-03T14:45-05:00,Copa Alemana,1.251486197,35042420,Leverkusen v St Pauli,DRAW,58805,SEL_58805,4.4,2.29,4.7,7.91,0.2999999999999998,65.66,35.769999999999996,1.8356164383561644,3.99,36.42,101.1,97.4,False
2026-01-21T20:17:23Z,2026-01-21T15:17:23-05:00,2026-02-03 19:45 UTC,2026-02-03T14:45-05:00,Copa Alemana,1.251486197,35042420,Leverkusen v St Pauli,HOME,44787,SEL_44787,1.56,7.0,1.59,11.93,0.030000000000000027,136.58,101.55000000000001,1.344953225012309,5.53,36.42,101.1,97.4,False
2026-01-21T20:47:25Z,2026-01-21T15:47:25-05:00,2026-02-03 19:45 UTC,2026-02-03T14:45-05:00,Copa Alemana,1.251486197,35042420,Leverkusen v St Pauli,AWAY,44526,SEL_44526,6.8,19.54,7.6,16.2,0.7999999999999998,40.07,27.63,1.4502352515381831,21.48,36.42,101.5,97.4,False
2026-01-21T20:47:25Z,2026-01-21T15:47:25-05:00,2026-02-03 19:45 UTC,2026-02-03T14:45-05:00,Copa Alemana,1.251486197,35042420,Leverkusen v St Pauli,DRAW,58805,SEL_58805,4.4,2.29,4.7,5.58,0.2999999999999998,65.66,41.78,1.571565342269028,3.99,36.42,101.5,97.4,False
2026-01-21T20:47:25Z,2026-01-21T15:47:25-05:00,2026-02-03 19:45 UTC,2026-02-03T14:45-05:00,Copa Alemana,1.251486197,35042420,Leverkusen v St Pauli,HOME,44787,SEL_44787,1.56,7.0,1.59,5.58,0.030000000000000027,136.58,159.29000000000002,0.8574298449369075,5.53,36.42,101.5,97.4,False
2026-01-21T21:20:26Z,2026-01-21T16:20:26-05:00,2026-02-03 19:45 UTC,2026-02-03T14:45-05:00,Copa Alemana,1.251486197,35042420,Leverkusen v St Pauli,AWAY,44526,SEL_44526,7.0,5.58,7.6,16.2,0.5999999999999996,20.970000000000002,27.63,0.7589576547231272,21.48,36.42,101.1,97.4,False
2026-01-21T21:20:26Z,2026-01-21T16:20:26-05:00,2026-02-03 19:45 UTC,2026-02-03T14:45-05:00,Copa Alemana,1.251486197,35042420,Leverkusen v St Pauli,DRAW,58805,SEL_58805,4.4,2.29,4.7,7.91,0.2999999999999998,65.66,35.769999999999996,1.8356164383561644,3.99,36.42,101.1,97.4,False
2026-01-21T21:20:26Z,2026-01-21T16:20:26-05:00,2026-02-03 19:45 UTC,2026-02-03T14:45-05:00,Copa Alemana,1.251486197,35042420,Leverkusen v St Pauli,HOME,44787,SEL_44787,1.56,7.0,1.59,11.93,0.030000000000000027,136.57,101.55000000000001,1.3448547513540126,5.53,36.42,101.1,97.4,False
